"kodebarang","nama","stok",
"001.19115.AGILIS","BL MC 195 R15 AGILIS","32",
"001.BL.10002016.BFG.CROSS","BL 1000 20 16 BFG CROSS","76",
"001.BL.10002016.M77","BL MRF 10.00 - 20 16 M77","29",
"001.BL.10002016.SLUGEXTRA","BL MRF 10.00 - 20 16 SLUG XTRA","33",
"001.BL.10002016.VULKANISIR","BL VULKANISIR 1000 - 20 16","15",
"001.BL.10002016.XZE2","BL MC 10.00 R20 PR16 XZE 2","48",
"001.BL.10002016.XZY3","BL MC 10.00 R20 PR16 XZY3","112",
"001.BL.10.00R2016.S3C8","BL MRF 10.00R20 16 S3C8","14",
"001.BL.1000R2016.XDY3HD","BL MC 10.00 R20 PR16 XDY3HD"," 4",
"001.BL.11002016 M77","BL MRF 11.00 - 20 16 M77","15",
"001.BL.11002016.S3C8","BL MRF 11.00 R 20 16 S3C8"," 3",
"001.BL.1100R2016.CRC","BL BFG 11.00 R 20 - 16 CROSS CONTROL "," 5",
"001.BL.1100R20.XZY3","BL MC 11.00 R20.16  XZY3","139",
"001.BL.1122.5.XMZ","BL MICHELIN 11R22.5 XMZ","122",
"001.BL.1122.5.XZY3","TIRE 11R 22.5 XZY3 MICHELIN","18",
"001.BL.11R22.5.BFG","BL BFG 11 R 22.5 ROUTE CONTROL","105",
"001.BL.11R22.5.VULKANISIR","BL VULKANISIR 11 R 22.5"," 5",
"001.BL.11R.SERVIS","BL SERVIS 11R 22.5"," 1",
"001.BL.1758013.XCD2","BL MC 175/80 - 13 XCD2"," 9",
"001.BL.185148.AGILISH","BL MC 185 - 14 8 AGILISH","45",
"001.BL.1856515","BL MC 185/65 - 15 EXM2+ MI","25",
"001.BL.1856515.EP150","BL BS 185/65 - 15 ECOPIA EP150"," 2",
"001.BL.19514.AGILIS","BL MICHELIN 195 R14 AGILIS","44",
"001.BL.1956515.PCY4","BL MC 195/65 - 15 TL PCY 4 STMI"," 4",
"001.BL.2054517.PS3","BL MC 205/45 - 17 PLSP4 ST"," 6",
"001.BL.2056516.ECOPIA","BL BS 205/65 - 16 ECOPIA EP150"," 2",
"001.BL.2157015.XM2","BL MC 215 70 15 EXM2+ MI"," 5",
"001.BL.2157016.AGILISMI","BL MC 215/70 - 16 AGILIS MI"," 9",
"001.BL.2157517.5.XTE","BL MC 215/75 R17.5 XTE 2+","121",
"001.BL.27570225.XMZ","BL MC 275/70 R 22.5 XMZ","87",
"001.BL.2958022.5.XMZ","BL MC 295/80 R22.5 XMZ","61",
"001.BL.3259524.WORKS","BL MC 325/95 - 24 X WORKS XD"," 1",
"001.BL.700R16","BL MC 7.00 R16 AGILIS","21",
"001.BL.75016 SM95 R N14","BL MRF 7.50 - 16 SM95"," 1",
"001.BL.7501614.AGILIS","BL MC 750 - R16 14 AGILIS LT","32",
"001.BL.7501614.AP866","BL ROAD X 750/16-R.14 AP866","30",
"001.BL.7501614.HD.PCS","TIRE  7.50 R16 14PLY AGILIS HD MICHELIN"," 0",
"001.BL.7501614.SUPERLUG","BL MRF 7.50 - 16 14 SLUG"," 1",
"001.BL.7501614.VULKANISIR","BL VULKANISIR 750 - 16 14"," 6",
"001.BL.82516.AGILIS HD SET","BL MC 8.25 R16 AGILIS HD","191",
"001.BL.825R1614.LT","BL MC 8.25 R 16 14 LT","14",
"001.VELG.700.20H8","VELG 700 X 20 H8 14MM"," 2",
"006.PENTIL KARET.00","PENTIL KARET","96",
"07.207.5.H.10","VELG TOPI 20X7.5  V WT H.10"," 4",
"07.550156","VELG 5.50 15 HOLE 6"," 1",
"07.750201014.VITRACK","VELG TOPU 7.50 - 20 / 10H 14 MM "," 1",
"1.10002016.EMSA","BL BS 1000 - 20 16 EMSA","83",
"1.10002016.MMR","BL MRF 10.00 - 20 16 MMR"," 6",
"110002016RM9","BL DL 1000 - 20 16 RM 9"," 9",
"1.10002016.ROUTE","BL BFG 10.00 20 ROUTECONTROL","26",
"1.10002016.S1M4","BL MRF 10.00 - 20 16 S1M4","39",
"110002016.SULP","BL BS 1000 - 20 16 SULP"," 4",
"1.10.00R20.18PR","BL ROAD-X 10.00R20 18PR MS668"," 6",
"1.10.00R20.18PR.AP","BL ROAD-X 10.00R20 18PR AP866"," 4",
"111002016.EMSA","BL BS 1100 - 20 16 EMSA","10",
"1.11002016.MUSCLEMILER","BL MRF 11.00 - 20 16 MUSCLEMILER","14",
"1.11002016.S1M4","BL MRF 11.00 20 150/147 S1M4+ R16"," 2",
"1.11002016SLUG50+LEPASAN","BL LEPASAN 11.00 - 20 16 SLUG 50+"," 4",
"1.11002016.XZE2","BL MICHELIN 11.00 R 20 - 16 XZE 2","88",
"1.11R225.CROSSCONTROL","BL BFG 11 R 22,5 CROSS CONTROL"," 7",
"1.11R22.5.XMD+","BL MICHELIN 11R22.5 XMD+","36",
"1.11R22.5.XMZ","TIRE 11R 22.5 XMZ 2 MICHELIN","78",
"1.16513.AGILIS","BL MICHELIN 165R13 LT AGILIS PR6 TLMI","30",
"1.1654017.PHI","BL VD 165/40 - 17 ACCELERA PHI-R"," 6",
"1.1655513.GAMA","BL VD 165/55 - 13 ACCELERA GAMMA"," 4",
"1.1656014.ECOPLUS","BL VD 165/60 - 14 ACCELERA  ECO PLUSH"," 3",
"1.1656015.ECOPLUSH","BL VD 165/60 - 15 ACCELERA  ECOPLUSH"," 6",
"1.1656513.ACC.GAMA","BL VD 165/65 - 13 ACCELERA GAMMA","21",
"1.1658013.ACC.ECO.PLUS","BL VD 165/80 - 13 ACCELERA  ECO PLUSH","37",
"1.1658013.ECOSA","BL VD 165/80 - 13 FORCEUM ECOSA","10",
"1.1658013.MT","BL VD 165/80-13 FORCEUM MT-08","20",
"1.1658013.ULTRA","BL VD 165/80 - 13 FORCEUM ULTRA","57",
"1/16INCHNAILHOLECARBIDECUTTER","1/16 INCH NAIL HOLE CARBIDE CUTTER"," 1",
"1.175138.DIGON","BL VD 175 - 13 8 FORCEUM DIGON","22",
"1.175138.ULTRA5","BL VD 175 - 13 8 ACCELERA ULTRA 5","24",
"1.1755015.PHIR","BL VD 175/50 - 15 ACCELERA PHI R","10",
"1.1756013.ACC.GAMA","BL VD 175/60 - 13 ACC GAMMA","28",
"1.1756015.ECOPLUS","BL VD 175/60 - 15 ACCELERA ECO PLUSH"," 6",
"1.1756513.ZT2000","BL ZTEEX 175/65 - 13 ZT 2000"," 5",
"1.1756514.ECOPLUSH","BL VD 175/65 - 14 ACCELERA ECO PLUSH"," 2",
"1.1756514.N300","BL VD 175/65 - 14 FORCEUM N 300","50",
"1.1756515.ECOPLUSH","BL VD 175/65 - 15 ACCELERA  ECO PLUSH","12",
"1.1757013.ECOPLUSH","BL VD 175/70 - 13 ACCELERA  ECO PLUSH","55",
"1.1757013.MIL","BL VD 175/70 - 13 FORC EXP 70","55",
"1.1757013.TRIDEKA","BL VD 175/70 - 13 FORC TRIDEKA WLW"," 0",
"1.185148.ACC","BL VD 185 - 14 8 ACCELERA ULTRA 3"," 9",
"1.18514.CT1000.","BL BFG 1000 R 20 16 CROSS","36",
"1.1853517.ACCE","BL VD 185/35 - 17 ACCELERA PHI-R"," 4",
"1.1855016.PHI-R","BL VD 185/50 - 16 ACCELERA PHI-R"," 4",
"1.1855514.ALPHA","BL VD 185/55 - 14 ACCELERA ALPHA"," 0",
"1.1855515.D800","BL VD 185/55 - 15 FORCEUM D800","35",
"1.1855515.PHIR","BL VD 185/55 - 15 ACCELERA PHI-R","22",
"1.1855516.PHIR","BL VD 185/55 - 16 ACCELERA PHI-R"," 6",
"1.1856013.ALPHA","BL VD 185/60 - 13 ACCELERA ALPHA"," 8",
"1.1856014.ACC EPISILON","BL VD 185/60 - 14 ACCELERA EPSILON"," 1",
"1.1856015.ECOPLUS","BL VD 185/60 - 15 ACCELERA  ECO PLUSH","49",
"1.1856514.ECOPLUSH","BL VD 185/65 - 14 ACC ECOPLUSH","20",
"1.1856514.TRIDEKA","BL VD 185/65 - 14 FORC TRIDEKA WLW"," 0",
"1.1856515.ECOPLUS","BL VD 185/65 - 15 ACCELERA  ECO PLUSH","120",
"1.1856515.FORC ECOSA","BL VD 185/65 - 15 FORCEUM ECOSA"," 2",
"1.1857014.ECOPLUS","BL VD 185/70 - 14 ACCELERA  ECO PLUSH","121",
"1.1857014.ECOSA","BL VD 185/70 - 14 FORCEUM ECOSA","30",
"1.1857014.FORCEUM ATZ","BL VD 185/70-14 FORCEUM ATZ-R","11",
"1.1857014.IMP","BL VD 185/70 - 14 IMPERIUM","20",
"1.195148.FORCEUM","BL VD 195 14 - 8 FORC ULTRA","10",
"1.19515.AGILISMI","BL MC 195 R15C TL AGILIS MI","15",
"1.1954017.ACC","BL VD 195/40 - 17 ACCELERA PHI","19",
"1.1954515.PHIR","BL VD 195/45 - 15 ACCELERA PHI-R"," 5",
"1.1954516.PHIR","BL VD 195/45 - 16 ACCELERA PHI-R","28",
"1.1954517.OCTA","BL VD 195/45 - 17 FORCEUM OCTA"," 8",
"1.1955015.651","BL VD 195/50-15 ACC 651  SP TW 200","63",
"1.1955015.651TW100","BL VD 195/50-15 ACC 651SPORT TW100"," 5",
"1.1955015.PHIR","BL VD 195/50 - 15 ACCELERA PHI-R","19",
"1.1955016.651","BL VD 195/50 - 16 ACC 651SPORT","21",
"1.1955016.ACCELE.PHI","BL VD 195/50 - 16 ACCELERA PHI-R","91",
"1.1955016.FORCEUM","BL VD 195/50 - 16 FORCEUM OCTA","13",
"1.1955515.PHI","BL VD 195/55 - 15 ACCELERA PHI-R"," 5",
"1.1955516.PHI","BL VD 195/55 - 16 ACCELERA PHI-R","18",
"1.1956015.ECOPLUS","BL VD 195/60 - 15 ACCELERA ECO PLUSH","12",
"1.1956016.ECOPLUS","BL VD 195/60 - 16 ACCELERA  ECO PLUSH","10",
"1.1956515.ACC.ECO.PLUSH","BL VD 195/65 - 15 ACCELERA ECO PLUSH","25",
"1.1956515.ECOSA","BL VD 195/65-15 FORC ECOSA(WLW)"," 3",
"1.1957014.ECOPLUS","BL VD 195/70 - 14 ACCELERA ECO PLUSH","21",
"1.1957014.FORCEUM ","BL VD 195/70 - 14 FORCEUM EXP 70"," 4",
"1.1957516.ULTRA","BL VD 195/75-16 ACC ULTRA 3"," 8",
"1.195/75R14C106","195/75R14C106/104Q TLXCD2PR8","36",
"1.2053518.ACC","BL VD 205/35 - 18 ACCELERA ALPHA"," 4",
"1.2054017.FORCE.HENA","BL VD 205/40 - 17 FORCEUM HENA"," 2",
"1.2054017.PHIR","BL VD 205/40 - 17 ACCELERA PHI-R"," 8",
"1.2054018.PHI","BL VD 205/40 - 18 ACCELERA PHI -R"," 6",
"1.2054517.ACC6651SPORT","BL VD 205/45 - 17 ACC 651SPORT"," 6",
"1.2054517.OCTA","BL VD 205/45 - 17 FORCEUM OCTA","13",
"1.2054517.PHIR","BL VD 205/45 - 17 ACCELERA PHI-R","95",
"1.2054518.ACC","BL VD 205/45 - 18 ACCELERA PHI"," 8",
"1.2055016.651","BL VD 205/50 - 16 ACC 651SPORT"," 8",
"1.2055016.PHI","BL VD 205/50-16 ACC PHIR"," 8",
"1.2055017.PHI","BL VD 205/50 - 17 ACCELERA PHI","20",
"1.2055515.PHIR","BL VD 205/55-15 ACC PHI-R"," 4",
"1.2055516.ACC.PHI","BL VD 205/55 - 16 ACCELERA PHI","15",
"1.2055516.FORC.D800","BL VD 205/55 - 16 FORCEUM D800"," 4",
"1.2055517.ACC.PHI","BL VD 205/55 - 17  ACCELERA PHI-R"," 4",
"1.2056016.ECC.ECO.PLUSH","BL VD 205/60 - 16 ACCELERA  ECO PLUSH"," 4",
"1.2056515.D650","BL VD 205/65 - 15 FORCEUM D650","25",
"1.2056515.ECO","BL VD 205/65 - 15 ACCELERA ECO PLUSH","50",
"1.2056515.RA162","BL VD 205/65 - 15 ACCELERA RA162"," 8",
"1.2056516.ECOPLUSH","BL VD 205/65 - 16 ACCELERA ECO PLUSH"," 4",
"1.2057015.ECOPLUS","BL VD 205/70 - 15 ACCELERA ECO PLUSH"," 5",
"1.2153518.SIGMA","BL VD 215/35 - 18 ACCELERA SIGMA"," 2",
"1.2153519.PHI","BL VD 215/35 - 19 ACCELERA PHI"," 7",
"1.2154017.PHI","BL VD 215/40 - 17 ACCELERA PHI-R"," 3",
"1.2154018.ACCPHI","BL VD 215/40 - 18 ACCELERA PHI","20",
"1.2154516.PHI","BL VD 215/45-16 ACC PHI-R"," 4",
"1.2154517.651SPORT","BL VD 215/45 - 17 ACCELERA 651 SPORT","10",
"1.2154517.FORC.HENA","BL VD 215/45 - 17 FORCEUM HENA"," 1",
"1.2154517.HP1000.","BL ZTEEX 215/45 - 17 HP 1000"," 1",
"1.2154517PHIR","BL VD 215/45 - 17 ACCELERA PHI-R","19",
"1.2154518.PHI","BL VD 215/45 - 18 ACCELERA PHI"," 5",
"1.2155017","BL VD 215/50 - 17 ACCELERA PHI"," 8",
"1.2155017.HP1000","BL ZTEEX 215/50 - 17 HP 1000","11",
"1.2155018.PHIR","BL VD 215/50 - 18 ACCELERA PHI-R"," 6",
"1.2155516.ACC","BL VD 215/55 - 16 ACCELERA PHI-R"," 4",
"1.2155517.PHI","BL VD 215/55 - 17 ACCELERA PHI-R","15",
"1.2155518.ST68","BL VD 215/55 - 18 ACC IOTA ST68"," 3",
"1.2156016.ECOPLUS","BL VD 215/60 - 16 ACCELERA ECO PLUSH"," 9",
"1.2156017.IOTA","BL VD 215/60 - 17 ACC IOTA ST68","16",
"1.2156515.ECOPLUSH","BL VD 215/65 - 15 ACCELERA ECO PLUSH"," 4",
"1.2156516.ECOPLUS","BL VD 215/65 - 16 ACCELERA ECO PLUSH"," 3",
"1.2157015.ECOPLUS","BL VD 215/70 - 15 ACCELERA ECO PLUSH"," 4",
"1.2157515.AT","BL VD 215/75 - 15 OMIKRON AT"," 4",
"1.2253020.PHI","BL VD 225/30 - 20 ACCELERA PHI"," 7",
"1.2253518.ACC.PHI","BL VD 225/35 - 18 ACC PHI-R"," 2",
"1.2253519.ACCPHI","BL VD 225/35 - 19 ACCELERA PHI","18",
"1.2253520.PHI","BL VD 225/35 - 20 ACCELERA PHI"," 6",
"1.2254018.651 SPORT","BL VD 225/40 - 18 ACC 651SPORT"," 4",
"1.2254018.HP1000.","BL ZTEEX 225/40 - 18 HP 1000"," 1",
"1.2254018.PHI","BL VD 225/40 - 18 ACCELERA PHI","11",
"1.2254019.ACCPHI","BL VD 225/40 - 19 ACCELERA PHI"," 2",
"1.2254518.ACCPHI","BL VD 225/45 - 18 ACCELERA PHI","18",
"1.2254519.PHIR","BL VD 225/45 - 19 ACCELERA PHI-R"," 2",
"1.2255016.PHI","BL VD 225/50 - 16 ACCELERA PHI-R"," 5",
"1.2255017.PHI","BL VD 225/50 - 17 ACCELERA PHI-R"," 4",
"1.2255018.HENA","BL VD 225/50 - 18 FORCEUM HENA","17",
"1.2255018.HP1000.","BL ZTEEX 225/50 - 18 HP 1000","10",
"1.2255018.PHIR","BL VD 225/50 - 18 ACCELERA PHI-R","12",
"1.2255018.X BOOST","BL VD 225/50-18 ACC X-BOOST"," 4",
"1.2255516.PHIR","BL VD 225/55 - 16 ACCELERA PHI-R"," 4",
"1.2255517.PHI","BL VD 225/55 - 17 ACCELERA PHI"," 8",
"1.2255518.ST68","BL VD 225/55 - 18 ACCELERA IOTA ST68"," 5",
"1.2255519.IOTA ST68","BL VD 225/55 - 19 ACCELERA IOTA ST68"," 8",
"1.2256015.ECOPLUSH","BL VD 225/60 - 15 ACCELERA ECO PLUSH","22",
"1.2256016.ACCELERA","BL VD 225/60 - 16 ACCELERA ECO PLUSH"," 5",
"1.2256517.PENTA","BL VD 225/65 - 17 FORCEUM PENTA"," 4",
"1.2257516.OMIKRONHT","BL VD 225/75 - 16 ACCELERA OMIKRON H/T"," 6",
"1.2258017.5.XJE4MX","BL MC 225/80 - 17.5 XJE4MX","100",
"1.2353519.651","BL VD 235/35-19 ACC 651SPORT"," 4",
"1.2353519.ACCPHI","BL VD 235/35 - 19 ACCELERA PHI","13",
"1.2353520.ACC","BL VD 235/35 - 20 ACCELERA PHI"," 6",
"1.2354018.ACC","BL VD 235/40 - 18 ACCELERA PHI"," 4",
"1.2354018.ACC651SPORT","BL VD 235/40 - 18 ACCELERA 651SPORT"," 4",
"1.2354019.PHI","BL VD 235/40 - 19 ACCELERA PHI"," 4",
"1.2354517.ACC","BL VD 235/45 - 17 ACC PHI-R"," 4",
"1.2354518.ACCE","BL VD 235/45 - 18 ACCELERA PHI R ","13",
"1.2354519.PHI","BL VD 235/45 - 19 ACCELERA PHI"," 2",
"1.2355018.FORC OCTA","BL VD 235/50 - 18 FORCEUM OCTA"," 4",
"1.2355018.PHI","BL VD 235/50 - 18 ACCELERA PHI-R","17",
"1.2355019.IOTA","BL VD 235/50-19 ACC IOTA ST-68"," 2",
"1.2355517.ACC","BL VD 235/55 - 17 ACCELERA PHI"," 8",
"1.2355518.FORHEPTA","BL VD 235/55 - 18 FORCEUM HEPTAGON"," 4",
"1.2355518.IOTA","BL VD 235/55 - 18 ACC IOTA ST68","13",
"1.2356016.ACCELERA PHI","BL VD 235/60 - 16 ACCELERA PHI","12",
"1.2356018.IOTA ","BL VD 235/60 - 18 IOTA "," 8",
"1.2356018.ST68","BL VD 235/60 - 18 IOTA ST 68"," 3",
"1.2357015.ATZ","BL VD 235/70 - 15 FORCEUM ATZ"," 5",
"1.2357015.OMIKRON","BL VD 235/70 - 15 ACC OMIKRON AT"," 5",
"1.2357016.FORCEUM.ATZ","BL VD 235/70 - 16 FORCEUM ATZ","10",
"1.2357515.ACCAT","BL VD 235/75 - 15 ACC OMIKRON AT"," 4",
"1.2357515.ACC.MT","BL VD 235/75 - 15 ACCELERA MT"," 6",
"1.2357515.FOR.ATZ","BL VD 235/75 - 15 FORCEUM ATZ"," 8",
"1.2357515.FORMT","BL VD 235/75 - 15 FORC MT 08"," 7",
"1.2358516.OMI.AT","BL VD 235/85 - 16 OMIKRON AT"," 5",
"1.2453020.PHI","BL VD 245/30 - 20 ACCELERA PHI"," 2",
"1.2453021.PHI","BL VD 245/30 - 21 ACCELERA PHI-R"," 1",
"1.2453518.ACC.PHI","BL VD 245/35 - 18 ACCELERA PHI-R"," 7",
"1.2453519.PHI","BL VD 245/35 - 19 ACCELERA PHI"," 7",
"1.2453520.PHI","BL VD 245/35 - 20 ACCELERA PHI-R","10",
"1.2454017.PHIR","BL VD 245/40-17 ACC PHIR"," 0",
"1.2454018.PHI","BL VD 245/40 - 18 ACCELERA PHI-R"," 5",
"1.2454019.PHI","BL VD 245/40 - 19 ACCELERA PHI"," 9",
"1.2454020.PHI","BL VD 245/40 - 20 ACCELERA PHI-R","11",
"1.2454517.ACCE.PHI","BL VD 245/45 - 17 ACCELERA PHI"," 4",
"1.2454518.PHI","BL VD 245/45 - 18 ACCELERA PHI R"," 9",
"1.2454519.PHI","BL VD 245/45 - 19 ACCELERA PHI"," 6",
"1.2454520.ACCELERA","BL VD 245/45 - 20 ACCELERA PHI"," 2",
"1.2455018.PHIR","BL VD 245/50 - 18 ACCELERA PHI R"," 2",
"1.2455020.IOTAST68","BL VD 245/50 - 20 ACCELERA IOTA ST68","10",
"1.2457016.AT","BL VD 245/70 - 16 ACC OMIKRON A/T"," 4",
"1.2553020","BL VD 255/30 - 20 ACCELERA PHI"," 3",
"1.2553022.PHI","BL VD 255/30 - 22 ACCELERA PHI"," 4",
"1.2553518.ACCPHI","BL VD 255/35 - 18 ACCELERA PHI"," 4",
"1.2553519.ACCPHI","BL VD 255/35 - 19 ACCELERA PHI-R"," 4",
"1.2553520.ACCPHI","BL VD 255/35 - 20 ACCELERA PHI R"," 4",
"1.2554017.PHI","BL VD 255/40 - 17 ACCELERA PHI"," 4",
"1.2554018.PHI","BL VD 255/40 - 18 ACCELERA PHI","18",
"1.2554019.PHI","BL VD 255/40 - 19 ACCELERA PHI"," 6",
"1.2554518.PHI","BL VD 255/45 - 18 ACCELERA PHI"," 4",
"1.2554520.IOTA","BL VD 255/45 - 20 ACC IOTA ST68"," 4",
"1.2555019.IOTA","BL VD 255/50 - 19 ACC IOTA ST 68"," 2",
"1.2555020.IOTA","BL VD 255/50 - 20 ACC IOTA ST68"," 4",
"1.2555518.IOTA","BL VD 255/55 - 18 ACC IOTA ST68"," 6",
"1.2555519.IOTA","BL VD 255/55 - 19 ACC IOTA  ST68"," 4",
"1.2556018.IOTA","BL VD 255/60 - 18 ACCELERA  IOTA ST68"," 8",
"1.26530.19.651","BL VD 265/30-19 ACC 651 SPORT"," 4",
"1.2653019.PHI","BL VD 265/30 - 19 ACCELERA PHI"," 4",
"1.2653518.651","BL VD 265/35 - 18 ACC 651SPORT"," 4",
"1.2653518.PHI","BL VD 265/35 - 18 ACCELERA PHI"," 6",
"1.2653519.PHI","BL VD 265/35 - 19 ACCELERA PHI"," 2",
"1.2654020.IOTAST68","BL VD 265/40 - 20 ACCELERA IOTA ST68"," 4",
"1.2654022.IOTA","BL VD 265/40 - 22 IOTA ST-68"," 4",
"1.2654520.IOTAST68","BL VD 265/45 - 20 ACCELERA IOTA  ST68"," 3",
"1.2655020.ACC.MT","BL VD 265/50 - 20 ACCELERA MT 01"," 8",
"1.2655020.IOTA","BL VD 265/50 - 20 ACC IOTA ST 68"," 4",
"1.2655020.OMIKRON","BL VD 265/50 - 20 ACCELERA OMIKRON AT"," 3",
"1.2656018.MT01","BL VD 265/60 - 18 ACCELERA M/T-01"," 4",
"1.2656018.OMIKRONA/T","BL VD 265/60 - 18 OMIKRON A/T"," 4",
"1.2656517.ACCMT","BL VD 265/65 - 17 ACCELERA M/T-01"," 2",
"1.2656517.AT1000.","BL ZTEEX 265/65 - 17 AT 1000"," 4",
"1.2656517.IOTA","BL VD 265/65 - 17 ACC IOTA ST68"," 4",
"1.2656517.OMIKRONAT","BL VD 265/65 - 17 ACC OMIKRON A/T"," 4",
"1.2657016.AT","BL VD 265/70 - 16 ACCELERA OMIKRON A/T","11",
"1.2657017.FORCE","BL VD 265/70 - 17 FORCEUM MT-08","11",
"1.2657017.OMIKRON AT","BL VD 265/70 - 17 ACCELERA OMIKRON AT"," 6",
"1.2657516.FORCEUMMT","BL VD 265/75 - 16 FORCEUM MT"," 4",
"1.2657516.OMIKRONAT","BL VD 265/75 - 16 ACC OMIKRON AT"," 4",
"1.2753019.ACCELERA","BL VD 275/30 -19 ACCELERA PHI 2"," 6",
"1.2753020.PHI2","BL VD 275/30 - 20 ACCELERA PHI2"," 4",
"1.2753519.PHI","BL VD 275/35 - 19 ACCELERA PHI 2"," 3",
"1.2753520.ACCELERA","BL VD 275/35 - 20 ACCELERA PHI 2"," 2",
"1.2754018.PHI","BL VD 275/40 - 18 ACCELERA PHI-2"," 2",
"1.2754019.PHI2","BL VD 275/40 - 19 ACCELERA PHI2"," 2",
"1.2754020.IOTA","BL VD 275/40 - 20 ACC IOTA"," 6",
"1.2754022.ST68","BL VD 275/40 - 22 IOTA ST 68"," 2",
"1.2754519.IOTA","BL VD 275/45-19 ACC IOTA ST-68"," 2",
"1.2754520.IOTA","BL VD 275/45-20 IOTA ST-68"," 2",
"1.2754522.ACC","BL VD 275/45 - 22 ACC IOTA ST68"," 4",
"1.2754522.ACC.MT","BL VD 275/45 - 22 ACCELERA MT"," 4",
"1.2755022.ST68","BL VD 275/50 - 22 ACC IOTA ST68"," 4",
"1.2755520.ACC.MT","BL VD 275/55 - 20 ACCELERA MT-01"," 8",
"1.2755520.IOTA","BL VD 275/55 - 20 ACCELERA IOTA"," 9",
"1.2755520.IOTAST68","BL VD 275/55 - 20 ACC IOTAST68","22",
"1.2755520.SU1000","BL ZTEEX 275/55 - 20 SU 1000"," 9",
"1.2756020.IOTA","BL VD 275/60-20 ACC IOTA  ST68"," 8",
"1.2757018.OMIKRONAT","BL VD 275/70 - 18 ACCLERA OMIKRON A/T"," 8",
"1.275/70R22.5 XZU","BL MC 275/70R22.5 XZU XINCITYZ TL","40",
"1.27X8.5014.FORC.MT08","BL VD 27X8.50 R14 FORCEUM MT08"," 6",
"1.2853019.PHI","BL VD 285/30-19 ACC PHI2","12",
"1.285/30-20.PHI2","BL VD 285/30-20 ACC PHI2"," 4",
"1.2853519.PHI2","BL VD 285/35 - 19 ACCELERA PHI2"," 0",
"1.2853522.ACCE","BL VD 285/35 - 22 ACC IOTAST68","27",
"1.2854519.ST68","BL VD 285/45 - 19 ACC IOTA ST68"," 1",
"1.2854521.ST68","BL VD 285/45 - 21 ACCELERA IOTA ST68"," 2",
"1.2854522.ST68","BL VD 285/45 - 22 ACCELERA IOTA ST68"," 6",
"1.2855020.HP202","BL ZTEEX 285/50 - 20 HP 202"," 2",
"1.2855020.IOTA","BL VD 285/50 - 20 ACCELERA IOTA ST68","12",
"1.2855020.OMI.AT.OOL","BL VD 285/50 - 20 OMIKRON AT OOL"," 1",
"1.2855020.OMIKRON.AT","BL VD 285/50 - 20 ACC. OMIKRON AT ","15",
"12856018.ACCE.OMIKRON A/T","BL VD 285/60 - 18 ACCELERA OMIKRON AT"," 4",
"1.2857017.ACC","BL VD 285/70 - 17 OMIKRON AT OWL"," 4",
"1.2857017.AT1000","BL ZTEEX 285/70 - 17 AT 1000"," 4",
"1.2857017.MT01","BL VD 285/70 - 17 ACCELERA MT-01"," 4",
"1.2952521.ACCE.PHI","BL VD 295/25 - 21 ACCELERA PHI"," 4",
"1.2953020.PHI","BL VD 295/30 - 20 ACCELERA PHI2"," 2",
"1.2958022.5.MULTI.DTL","BL MC 295/80 R22.5 XMD+","148",
"1.2958022.5.ST270","BL BFG 295/80 - R22.5 ST270"," 5",
"1.30X9.515.MT01","BL VD 30 X 9.5 - 15 ACC M/T-01"," 9",
"1.3110.5015.FORCE","BL VD 31X10.5 R15 FORCEUM MT"," 1",
"1.3153520 ACCELERA","BL VD 315/35 - 20 ACC IOTA ST68"," 1",
"1.31580225.MC","BL MC 315/80R22.5 XWHDD","30",
"1.31X10.515.ACCELERA","BL VD 31X10.5 R15 ACCELERA MT/01"," 8",
"1.3312520.ACCMT","BL VD 33X12.5 R20 ACCELERA MT-01"," 4",
"1.33X10.50 BADAK","BL VD 33X10.50-15 ACC BADAK ","23",
"1.3512520.ACCMT","BL VD 35X12.5 R20 ACCELERA MT"," 4",
"1.35X10.5015.BADAK","BL VD 35X10.50-15 ACC BADAK EXTREME"," 7",
"1.35X10.5016.BADAK","BL VD 35 X 10.50 - 16 ACC BADAK"," 5",
"1.35X125017.MT01","BL VD 35 X 12.50 R17 ACCELERA M/T-01"," 4",
"1/4INCHNAILHOLECARBIDECUTTER","1/4 INCH NAIL HOLE CARBIDE CUTTER"," 1",
"1.7001614GT.S88","BL GT 700 - 16 14 S88","15",
"1.7501512GT.S88","BL GT 750 - 15 12 S88N","19",
"1.7501512.MRD","BL BS 750 - 15 12 MRD/MRN","51",
"1.7.50-16 RCTRL","BL BFG 7.50R16LT RCTRL","19",
"1.7501614.CROSSCONTROL","BL BFG 750R16LT CROSS CONTROL 2"," 0",
"1.7501614.MRN","BL BS 750 - 16 14 MRN"," 1",
"1.7501614.S1M4.PLUS","BL MRF 7.50 - 16 S1M4 PLUS R14","42",
"1/8INCHNAILHOLECARBIDECUTTER","1/8 INCH NAIL HOLE CARBIDE CUTTER"," 1",
"19002014.EMSA","BL BS 900 - 20 14 EMSA"," 3",
"1.9002014.S88","BL GT 900 - 20 14 S88","14",
"1.900X22.5.10 14MM TOPU","VELG TOPU 900 X 22.5 H10 14MM"," 1",
"1.95R17,5XMZ","BL MC 9,5 R17,5 X MULTI Z","12",
"2.100020BS","BD BS 1000-20 TR 78","14",
"2.100020.GP","BD GRAND PRIX 1000 20","45",
"2.100020GT","BD GT 1000 - 20 TR78A"," 1",
"2.110020.GP","BD GRAND PRIX 1100 X 20","95",
"2.110020GT","BD GT 1100 - 20","42",
"23SWEIBA08","WEIGHT BALANCE TRUCK","57",
"265010JS2BS","BD BS 650 - 10 JS2"," 2",
"2.650/70015JS75GT","BD GT 650/700 - 15 JS75"," 1",
"2.650/700775015JS75BS","BD BS 650/700/750 - 15 JS75"," 3",
"2.700/75016TR177ABS","BD BS 700/750 - 16 TR177A","19",
"270QCA","270 QUICK CHANGE ADAPTOR"," 1",
"271QCA","271 QUICK CHANGE ADAPTOR"," 1",
"2.750-16 GT","BD GT 750-16 "," 3",
"2.750-16.ACH","BAN DALAM 750-16 ACHILLES"," 6",
"2.750/825X16.GP","BD 750/825X16 GP","274",
"2.82520GT","BD GT 825 - 20","15",
"282520TR77ABS","BD BS 825 - 20 TR77A","20",
"2.90020.BT","BD  BESTTONE 900 - 20 TR 78 A"," 1",
"2.90020.GP","BD GRAND PRIX 900 X 20 ","10",
"2.90020GT","BD GT 900 - 20","49",
"2.90020TR175ABS","BD BS 900 - 20 TR175A","33",
"3.15.KXA","FLAP 15 KXA BS","10",
"3.15L.GT","FLAP 15 L GT","29",
"316K.BS","FLAP 16 K BS"," 2",
"3.16L.BS","FLAP 16 L BS","30",
"3.16L.GT","FLAP 16 L GT"," 3",
"3.16R.ACH","FLAP ACHILESS 16R","45",
"3.16R.GP","FLAP 16R EXTRA GP","318",
"3.20.BS","FLAP 20 R BS","36",
"3.20N.BS","FLAP 20 N BS"," 3",
"3.20N.GT","FLAP 20 N GT","20",
"3.20NMZPRIMA","FLAPS 20 N MZ PRIMA ","62",
"3.20R.GT","FLAP 20 R GT"," 1",
"3.20.RL.EXTRAPLAT","FLAP 20 RL GP EXTRA PLAT","132",
"320RL.PERKASA","FLAP 20 R NAYABANA PERKASA","39",
"320RL.SUPER","FLAP 20 RL SUPER","34",
"3.20R.SUPER","FLAP 20 R SUPER"," 2",
"3.20.XL.EXTRAPLAT","FLAP 20 XL GP EXTRA PLAT","105",
"365010","FLAP 650 X 10 BS"," 2",
"3.825.15.BS","FLAP 825 15 BS"," 7",
"6199.MOUNTING PASTA YELLOW 1KG","MOUNTING PASTA YELLOW 1KG"," 1",
"6199.MOUNTING PASTE","MOUNTING PASTE YELLOW 4KG"," 8",
"99.TASPINGGANG","TAS PINGGANG","80",
"BEAD BAZZOKA","BEAD BAZZOKA 12 LTR"," 1",
"CHAMBRE20N","CHAMBRE 20N+ 78 95 VALVE TR78A","115",
"CT-12HD","CT-12 HD 10/BOX","21",
"CT-33","CT-33 (100-125) 10/BOX"," 1",
"CT-35","CT-35 CENTECH RADIAL REPAIR","20",
"DIESELSYSTEM","DIESEL SYSTEM SUPER CLEAN","24",
"FLAP16X600","FLAP 16 FLAP 16 X 6.00 E M L64 MI","116",
"FUELFILTERPAJERO","MITSUBISHI FUEL FILTER PAJERO"," 1",
"KAOS","KAOS","84",
"MOUNTING","MOUNTING PASTA YELLOW 4KG"," 3",
"OIL.SW-40","OIL PROTIVE DIAMONT SW-40","12",
"ONGKOS KIRIM","ONGKOS KIRIM"," 1",
"PAYUNG","PAYUNG GOLF","524",
"PENCILSTONE","PENCIL STONE"," 1",
"REPAIRBAN","REPAIR BAN"," 1",
"SHORTQUICKCHANGEADAPTOR","SHORT QUICK CHANGE ADAPTOR"," 1",
"SYSTEMCARE","OLI SYSTEM CARE","22",
"SYSTEMCLEANER","OIL SYSTEM CLEANER","22",
"TAMBAL","TAMBAL"," 4",
"TAMBALVUL","TAMBAL BAN"," 1",
"TEXTUREBRUSH3INCH","TEXTURE BRUSH 3 INCH (75MM)"," 1",
"UNISEALPLUSWITHWIRE1/16INCH","UNI-SEAL PLUS WITH WIRE 1/16 INCH (1.5MM) 24/BOX"," 1",
"UNISEALSTEMONLY","UNI-SEAL STEM ONLY (6MM) 20/BOX","41",
"UNISEALSTEMONLY8MM","UNI-SEAL STEM ONLY (8MM) 20/BOX","41",
"UNISEALULTRAWITHGUM&WIRE","UNI-SEAL ULTRA W/GUM & WIRE (8MM) 14/BOX"," 1",
"VALVE TBR 1","PENTIL KUNINGAN TRUCK TBE 1/PC","676",
"VELG 9.00 X 22.5 HOLE 8","VELG 9.00 X 22.5 HOLE 8","13",
"VELG60017,5H6","VELG TOPI 600 X 17.5 H6 12MM"," 6",
"VELG90022510.TOPI","VELG TOPI 900 22,5 10HOLE 14 MM","18",
"VELGTOFU825X22.5","VELG TOPI 8.25 X 22.5 H8 14MM","10",
"VELGTOPI82522510","VELG TOPI 8.25 R 22.5 H 10","64",
